{
  "max_N_required_3sigma_ypol":2773.8265389915,
  "max_N_required_3sigma_zpol":131.3853449563,
  "expected_N_15mm_16h_ypol":274994.7615827033,
  "expected_N_15mm_16h_zpol":1879560.0336188267
}