{
  "proton_ypol": {
    "rk": {
      "px": {
        "mae": 11.373044142215017,
        "rmse": 39.73239865206872,
        "bias": -6.752781430361006,
        "p95": 30.717331656988137,
        "n": 2150443
      },
      "py": {
        "mae": 1.6167610585921803,
        "rmse": 3.4571712459329786,
        "bias": -0.06997583631024405,
        "p95": 4.074840226662466,
        "n": 2150443
      },
      "pz": {
        "mae": 20.282471047742284,
        "rmse": 87.76873933893783,
        "bias": -11.063336609393918,
        "p95": 26.79845700519854,
        "n": 2150443
      },
      "p": {
        "mae": 18.76468660974381,
        "rmse": 79.31780533676537,
        "bias": -8.688062347663985,
        "p95": 27.400310414897103,
        "n": 2150443
      }
    },
    "nn": {
      "px": {
        "mae": 6.125209034731894,
        "rmse": 13.264437775418623,
        "bias": -1.7775122637094407,
        "p95": 14.43771366560785,
        "n": 2150443
      },
      "py": {
        "mae": 1.3136855144247872,
        "rmse": 2.428615813682111,
        "bias": 0.5311376534304788,
        "p95": 3.1897980059658124,
        "n": 2150443
      },
      "pz": {
        "mae": 6.631710528555763,
        "rmse": 15.722957515831867,
        "bias": 2.7734562432250387,
        "p95": 15.189450697846548,
        "n": 2150443
      },
      "p": {
        "mae": 6.289737187722597,
        "rmse": 12.110545477424944,
        "bias": 2.4523888273132735,
        "p95": 15.104992047517053,
        "n": 2150443
      }
    },
    "efficiency": {
      "rk": 70.3218080557802,
      "nn": 70.3218080557802,
      "n_truth": 3058003
    }
  },
  "neutron_ypol": {
    "efficiency": 33.743295869886325,
    "n_truth": 3058003,
    "n_reco": 1031871,
    "px": {
      "mae": 6.259784426243046,
      "rmse": 17.903354436416908,
      "bias": 0.7514839942000499,
      "p95": 20.87414199169868,
      "n": 1031871
    },
    "py": {
      "mae": 4.953312361732699,
      "rmse": 13.362233831543225,
      "bias": -0.32105425346605737,
      "p95": 19.058940809882287,
      "n": 1031871
    },
    "pz": {
      "mae": 17.813668812786926,
      "rmse": 45.47178824843128,
      "bias": -14.764420127798278,
      "p95": 45.7030442814044,
      "n": 1031871
    },
    "p": {
      "mae": 17.834812198352978,
      "rmse": 45.86793229837228,
      "bias": -14.805649638091754,
      "p95": 45.40624266709068,
      "n": 1031871
    }
  },
  "proton_zpol": {
    "rk": {
      "px": {
        "mae": 12.038075001940442,
        "rmse": 46.77932738831511,
        "bias": -7.418103562916175,
        "p95": 35.28959599105903,
        "n": 101662
      },
      "py": {
        "mae": 1.6603527600422485,
        "rmse": 4.781073314871576,
        "bias": -0.16293153296595547,
        "p95": 3.917001417241205,
        "n": 101662
      },
      "pz": {
        "mae": 21.24595904213681,
        "rmse": 91.76205413175491,
        "bias": -11.325359953292468,
        "p95": 30.845624451603424,
        "n": 101662
      },
      "p": {
        "mae": 19.76930748158155,
        "rmse": 85.5804217291058,
        "bias": -8.479168185192416,
        "p95": 31.835139188576154,
        "n": 101662
      }
    },
    "nn": {
      "px": {
        "mae": 7.079239254374049,
        "rmse": 13.718351001328996,
        "bias": -2.5846764004129854,
        "p95": 22.165522204323963,
        "n": 101662
      },
      "py": {
        "mae": 1.3815164699952842,
        "rmse": 3.0320266978190125,
        "bias": 0.5501843220634457,
        "p95": 3.32423978659829,
        "n": 101662
      },
      "pz": {
        "mae": 7.588346386278159,
        "rmse": 15.541501949980109,
        "bias": 3.4185767229701867,
        "p95": 23.837877027760378,
        "n": 101662
      },
      "p": {
        "mae": 7.084123925279173,
        "rmse": 13.031814825925116,
        "bias": 2.900333978727124,
        "p95": 21.8197845798519,
        "n": 101662
      }
    },
    "efficiency": {
      "rk": 41.764715548690305,
      "nn": 41.764715548690305,
      "n_truth": 243416
    }
  },
  "neutron_zpol": {
    "efficiency": 19.75794524599862,
    "n_truth": 243416,
    "n_reco": 48094,
    "px": {
      "mae": 8.984864687178527,
      "rmse": 28.65665490874578,
      "bias": 0.8663162195243446,
      "p95": 32.56907148106567,
      "n": 48094
    },
    "py": {
      "mae": 8.329855025686058,
      "rmse": 26.84810220233025,
      "bias": -0.09292955448790344,
      "p95": 33.52831023338554,
      "n": 48094
    },
    "pz": {
      "mae": 24.897325992774352,
      "rmse": 76.07484098381448,
      "bias": -15.128065762285143,
      "p95": 64.83200405978829,
      "n": 48094
    },
    "p": {
      "mae": 25.329346880259283,
      "rmse": 77.16861300793332,
      "bias": -15.733880269632417,
      "p95": 66.23808759391578,
      "n": 48094
    }
  }
}