{
  "n_total": 160000,
  "n_truth_has_proton": 160000,
  "n_rk_ok": 158293,
  "n_nn_ok": 160000,
  "n_both_ok": 158293,
  "rk": {
    "px": {
      "n": 158293,
      "median": -0.014483800000000047,
      "mean": -1.1795858793448335,
      "rmse": 17.076840300424266,
      "half_width": 5.855897181099998,
      "p95_abs": 12.65534415
    },
    "py": {
      "n": 158293,
      "median": -0.12193100000000001,
      "mean": -0.1235650789455492,
      "rmse": 1.8828787644428358,
      "half_width": 1.5222383359,
      "p95_abs": 3.255991799999999
    },
    "pz": {
      "n": 158293,
      "median": -1.0438599999999951,
      "mean": -4.683922102405035,
      "rmse": 46.35807081451537,
      "half_width": 5.880704483999979,
      "p95_abs": 12.807573999999978
    },
    "pmag": {
      "n": 158293,
      "median": -1.0424180046562697,
      "mean": -4.039758117169783,
      "rmse": 39.91027302292214,
      "half_width": 5.857027812521231,
      "p95_abs": 12.752308108907366
    }
  },
  "nn": {
    "px": {
      "n": 158293,
      "median": -0.8134409999999974,
      "mean": -1.6625709285503762,
      "rmse": 11.72897428095585,
      "half_width": 6.009629751759999,
      "p95_abs": 13.76396604
    },
    "py": {
      "n": 158293,
      "median": 0.5182579999999994,
      "mean": 0.5287446604754505,
      "rmse": 1.8189544850460422,
      "half_width": 1.3697168937000002,
      "p95_abs": 3.103613
    },
    "pz": {
      "n": 158293,
      "median": 1.6134100000000444,
      "mean": 2.5160729715780232,
      "rmse": 13.424959228617158,
      "half_width": 6.2481915169999525,
      "p95_abs": 14.458842000000004
    },
    "pmag": {
      "n": 158293,
      "median": 1.601185073357101,
      "mean": 2.2672112704022873,
      "rmse": 10.771632120840469,
      "half_width": 6.259095613137947,
      "p95_abs": 14.402015345419194
    }
  }
}