{
  "feature_names": [
    "pdc1_x",
    "pdc1_y",
    "pdc1_z",
    "pdc2_x",
    "pdc2_y",
    "pdc2_z"
  ],
  "target_names": [
    "px_truth",
    "py_truth",
    "pz_truth"
  ],
  "x_mean": [
    -3561.5824029831965,
    -1.6133385213629132,
    1883.4730674838856,
    -4462.887293140642,
    -1.8428514576605952,
    2325.921663804994
  ],
  "x_std": [
    130.98940624310768,
    187.6366442651275,
    341.2390697946332,
    157.31766995132054,
    224.09662310844314,
    409.8265416733516
  ],
  "seed": 20260227,
  "split_mode": "external_files",
  "split_sources": {
    "train_csv": "20260227_205732/dataset/dataset_train.csv",
    "val_csv": "20260227_205732/dataset/dataset_val.csv",
    "test_csv": "20260227_205732/dataset/dataset_test.csv"
  },
  "epochs_requested": 120,
  "best_val_loss": 169.94459533691406,
  "split_counts": {
    "train": 47211,
    "val": 6942,
    "test": 7033
  },
  "hyper_parameters": {
    "hidden_dims": [
      128,
      128,
      64
    ],
    "batch_size": 1024,
    "lr": 0.001,
    "weight_decay": 1e-05,
    "patience": 12
  },
  "val_metrics": {
    "components": {
      "px": {
        "mae": 10.74605938379243,
        "rmse": 15.56964493685923,
        "bias": 0.5447843414701112,
        "p95_abs": 26.404352323684563
      },
      "py": {
        "mae": 10.036577603218692,
        "rmse": 13.748557847226614,
        "bias": 0.46081007617092523,
        "p95_abs": 24.728712285068475
      },
      "pz": {
        "mae": 4.945677427335388,
        "rmse": 8.854213343623876,
        "bias": -0.37053398743536026,
        "p95_abs": 11.484525916603138
      }
    },
    "momentum_norm": {
      "mae": 4.891912294313153,
      "rmse": 9.193797898763536,
      "bias": -0.6824369631002721,
      "p95_abs": 11.485341917826876
    }
  },
  "test_metrics": {
    "components": {
      "px": {
        "mae": 10.93200082299825,
        "rmse": 15.86565811311257,
        "bias": 0.8440621712748458,
        "p95_abs": 27.16119060955609
      },
      "py": {
        "mae": 9.936094665656862,
        "rmse": 13.533105562244835,
        "bias": -0.03414116554563656,
        "p95_abs": 24.75213674851465
      },
      "pz": {
        "mae": 5.002365905978716,
        "rmse": 9.723077852295186,
        "bias": -0.5410847229722425,
        "p95_abs": 11.660452115756264
      }
    },
    "momentum_norm": {
      "mae": 4.9439936692374875,
      "rmse": 9.839278937027206,
      "bias": -0.8195690726750335,
      "p95_abs": 11.593258055386308
    }
  }
}