{
  "sample_count": 6942,
  "components": {
    "px": {
      "mae": 10.74605938379243,
      "rmse": 15.56964493685923,
      "bias": 0.5447843414701112,
      "p50_abs": 8.443961778797746,
      "p90_abs": 21.603151196595597,
      "p95_abs": 26.404352323684563
    },
    "py": {
      "mae": 10.036577603218692,
      "rmse": 13.748557847226614,
      "bias": 0.46081007617092523,
      "p50_abs": 8.136209436071077,
      "p90_abs": 20.197178199655106,
      "p95_abs": 24.728712285068475
    },
    "pz": {
      "mae": 4.945677427335388,
      "rmse": 8.854213343623876,
      "bias": -0.37053398743536026,
      "p50_abs": 3.687396449046844,
      "p90_abs": 9.364771405824962,
      "p95_abs": 11.484525916603138
    }
  },
  "momentum_norm": {
    "mae": 4.891912635034536,
    "rmse": 9.193797922191626,
    "bias": -0.6824368345150108,
    "p50_abs": 3.602740827132152,
    "p90_abs": 9.05266084076532,
    "p95_abs": 11.485344546942683
  }
}