{
  "sample_count": 7033,
  "components": {
    "px": {
      "mae": 10.93200082299825,
      "rmse": 15.86565811311257,
      "bias": 0.8440621712748458,
      "p50_abs": 8.516791485210945,
      "p90_abs": 21.606302329535627,
      "p95_abs": 27.16119060955609
    },
    "py": {
      "mae": 9.936094665656862,
      "rmse": 13.533105562244835,
      "bias": -0.03414116554563656,
      "p50_abs": 7.92942740674248,
      "p90_abs": 19.96213608541458,
      "p95_abs": 24.75213674851465
    },
    "pz": {
      "mae": 5.002365905978716,
      "rmse": 9.723077852295186,
      "bias": -0.5410847229722425,
      "p50_abs": 3.64874930953124,
      "p90_abs": 9.4356450048125,
      "p95_abs": 11.660452115756264
    }
  },
  "momentum_norm": {
    "mae": 4.943993940324655,
    "rmse": 9.839279276319814,
    "bias": -0.8195691052125142,
    "p50_abs": 3.525091157693055,
    "p90_abs": 9.261117738280815,
    "p95_abs": 11.593253697662135
  }
}