cut,N_truth_pos,N_truth_neg,R_truth,R_weighted_geom,R_weighted_reco
loose,492795,457932,1.0761313906868268,1.182840364918999,1.7905871190466978
mid,410386,392087,1.0466707643966773,1.1369158960049126,1.6741991912545227
tight,2383,88944,0.026792138873898183,0.03080062485775176,0.054900864051938614
